luminosity,class
238.8165483870968,1.0
248.22232256271832,1.0
252.49220816798942,1.0
241.48904164749194,1.0
222.60302328344025,1.0
222.4716857785875,-1.0
214.2197086419753,-1.0
233.1093601190476,-1.0
219.27989464158748,-1.0
211.15445188492063,-1.0
